SKU,PartNo,Description,Dept,Category,Manufacturer,Onhand New,OnHand Used, Allocated,store_price,cost,total Value New,Total Value Used,desc1,desc2,desc3,desc4,desc5,desc1a,desc2a,desc3a,desc4a,desc5a
076683000262,CCI26,CCI 22 SHORT CB 100/5000,MERCHANDISE,AMMUNITION,CCI/SPEER,4,0,0,14.99,8.99,35.96,0,CB,,,,,Desc 1,Desc 2,Desc 3,,
020892211193,67625,WIN SC9NT    9MM    105 JFP SCLN 50/10,MERCHANDISE,AMMUNITION,,1,0,0,39.99,26.21,26.21,0,,,,,,Desc 1,Desc 2,Desc 3,,
076683000231,CCI23,CCI MAXI-MAG 22WMR TMJ 50/2000,MERCHANDISE,AMMUNITION,CCI/SPEER,1,0,0,18.99,11.48,11.48,0,Maxi-Mag,,,,,Desc 1,Desc 2,Desc 3,,
029465084394,0658-0787,Federal 6B Power Shok CF Rifle,MERCHANDISE,AMMUNITION,FEDERAL,10,0,0,35.69,23.82,238.2,0,,6MM RE,,,,Desc 1,Desc 2,Desc 3,,
029465089337,0658-0888,Federal GM308M Gold Medal Match CF,MERCHANDISE,AMMUNITION,FEDERAL,10,0,1,39.99,23.85,238.5,0,,308 WI,,,,Desc 1,Desc 2,Desc 3,,
047700070704,1505-9792,Remington R35WH3 Centerfire Rifle,MERCHANDISE,AMMUNITION,REMINGTON,4,0,0,58.99,35.88,143.52,0,,35 WHELE,,,,Desc 1,Desc 2,Desc 3,,
090255382501,8250,HOR 450MAR 350GR FP,MERCHANDISE,AMMUNITION,HORNADY,2,0,0,47.05,27.51,55.02,0,,,,,,Desc 1,Desc 2,Desc 3,,
020892201033,0512-1115,Winchester X3561 Super-X CF Rifle,MERCHANDISE,AMMUNITION,WINCHESTER,2,0,0,74.99,47.12,94.24,0,,356 WI,,,,Desc 1,Desc 2,Desc 3,,
090255862324,H86232,HRNDY SST 20GA 2.75 SABOT SLUG 5/250,MERCHANDISE,AMMUNITION,HORNADY,17,0,0,18.99,11.84,201.28,0,SST,,,,,Desc 1,Desc 2,Desc 3,,
047700017600,66033,REM SP413  7.5   EXPRESS         25/10,MERCHANDISE,AMMUNITION,,7,0,0,35.99,21.52,150.64,0,,,,,,Desc 1,Desc 2,Desc 3,,
762344011974,8MMBLANK,FIO 8MM BLANK,MERCHANDISE,AMMUNITION,,10,0,0,18.99,10.89,108.9,0,,,,,,Desc 1,Desc 2,Desc 3,,
076683052001,63308,CCI 5200 BLAZER BRASS 9MM 115FMJ 50/20,MERCHANDISE,AMMUNITION,CCI/SPEER,3,0,1,18.99,10.8,32.4,0,,,,,,Desc 1,Desc 2,Desc 3,,
090255385090,0953-0540,Hornady 8509 Dangerous Game Ammo,MERCHANDISE,AMMUNITION,HORNADY,1,0,0,72.99,53.05,53.05,0,,375 H&,,,,Desc 1,Desc 2,Desc 3,,
754908196715,MAGTECH 28GA,MAGTECH 28GA,MERCHANDISE,AMMUNITION,,5,0,0,14.92,7.46,37.3,0,,,,,,Desc 1,Desc 2,Desc 3,,
029465084493,FE3030B,FED PWRSHK 3030WN 170GR SP RN 20/200,MERCHANDISE,AMMUNITION,FEDERAL,1,0,0,34.99,20.8,20.8,0,PWRSHK,,,,,Desc 1,Desc 2,Desc 3,,
076683000491,1508-0055,CCI 0049 Rimfire Ammo,MERCHANDISE,AMMUNITION,CCI/SPEER,8,0,0,24.99,14.07,112.56,0,,17 HM,,,,Desc 1,Desc 2,Desc 3,,
029465060398,0658-0416,Federal F4570FS1 CFR 4570 Govt,MERCHANDISE,AMMUNITION,FEDERAL,1,0,0,69.99,45.6,45.6,0,,45-70 GOV,,,,Desc 1,Desc 2,Desc 3,,
818513003612,4463-0009,FNH SS197SR Ammo,MERCHANDISE,AMMUNITION,,4,0,0,53.99,31,124,0,,5.7X2,,,,Desc 1,Desc 2,Desc 3,,
716876154531,1211-0277,Barnes BB45CLT3 Vor-Tx Handgun Hunt 45LC,MERCHANDISE,AMMUNITION,BARNES,3,0,0,28.54,21.59,64.77,0,,45 L,,,,Desc 1,Desc 2,Desc 3,,
856086004728,Sinister Fire 380 In,Sinister Fire 380 Ammo self defense,MERCHANDISE,AMMUNITION,,10,0,0,19.99,9.04,90.4,0,,,,,,Desc 1,Desc 2,Desc 3,,
747115419906,WYG270130SR,WBY AMMO 270WBY 130GR SPITZ 20/BX,MERCHANDISE,AMMUNITION,WEATHERBY,2,0,0,42,33.46,66.92,0,Hntg,,,,,Desc 1,Desc 2,Desc 3,,
741569050173,0455-0269,PMC 357A Bronze Pistol,MERCHANDISE,AMMUNITION,PMC,2,0,0,39.99,24.75,49.5,0,,357 MA,,,,Desc 1,Desc 2,Desc 3,,
076683052308,1508-0032,CCI 5230 Blazer Brass Pistol,MERCHANDISE,AMMUNITION,CCI/SPEER,11,0,0,27.99,16.65,183.15,0,,45 AC,,,,Desc 1,Desc 2,Desc 3,,
090255383379,H8337,HRNDY 22-250  55GR VMAX 20/200,MERCHANDISE,AMMUNITION,HORNADY,1,0,0,24.99,17.7,17.7,0,Hntg,,,,,Desc 1,Desc 2,Desc 3,,
090255902501,H90250,HRNDY 9MM 115GR CRT DFNSE 25/250,MERCHANDISE,AMMUNITION,HORNADY,1,0,0,35.99,20.71,20.71,0,CRT,,,,,Desc 1,Desc 2,Desc 3,,
754908500086,754908500086,SELLIER & BELLOT 9MM 115GR FMJ,MERCHANDISE,AMMUNITION,SELLIER & BELLOT,1,0,2,19.99,11.62,11.62,0,,,,,,Desc 1,Desc 2,Desc 3,,
076683035097,CCI3509,CCI/BLAZER 9MM 115GR FMJ 50/1000,MERCHANDISE,AMMUNITION,CCI/SPEER,10,0,0,16.99,10.34,103.4,0,Blazer,,,,,Desc 1,Desc 2,Desc 3,,
029465085964,0658-4584,Federal P375F Cape-Shok CF Rifle,MERCHANDISE,AMMUNITION,FEDERAL,1,0,0,79.99,54,54,0,,375 H&,,,,Desc 1,Desc 2,Desc 3,,
854257000456,854257000456,EXTREME SHOCK 44MAG,MERCHANDISE,AMMUNITION,,3,0,0,22.58,16,48,0,,,,,,Desc 1,Desc 2,Desc 3,,
020892201606,0512-0844,Winchester 38SBLP Super-X Pistol,MERCHANDISE,AMMUNITION,WINCHESTER,1,0,0,42.99,34.13,34.13,0,,38 SP,,,,Desc 1,Desc 2,Desc 3,,
020892212596,0512-1278,Winchester MC762TOK Pistol,MERCHANDISE,AMMUNITION,WINCHESTER,2,0,0,29.99,23,46,0,,7.62X25 TO,,,,Desc 1,Desc 2,Desc 3,,
076683037909,1508-0158,CCI 3790 9MM Luger Shotshell,MERCHANDISE,AMMUNITION,CCI/SPEER,13,0,0,24.99,15.94,207.22,0,,9M,,,,Desc 1,Desc 2,Desc 3,,
076683037459,1508-0168,CCI 3745 45 Auto Shotshell,MERCHANDISE,AMMUNITION,,3,0,0,32.99,19.79,59.37,0,,4,,,,Desc 1,Desc 2,Desc 3,,
029465060497,FEXM33C,FED XM33C 50BMG 660GR 10RND BX,MERCHANDISE,AMMUNITION,FEDERAL,8,0,0,59.99,30.2,241.6,0,XM33C,,,,,Desc 1,Desc 2,Desc 3,,
029465063405,0658-1766,Federal P2506TC1 Premium CF Rifle,MERCHANDISE,AMMUNITION,FEDERAL,3,0,0,38.99,28.26,84.78,0,,25-06 RE,,,,Desc 1,Desc 2,Desc 3,,
090255913408,H91340,HRNDY 40SW 165GR CRT DFNSE 20/200,MERCHANDISE,AMMUNITION,HORNADY,1,0,0,42.99,22.76,22.76,0,CRT,,,,,Desc 1,Desc 2,Desc 3,,
047700057804,1505-0684,Remington R4570G Centerfire Rifle,MERCHANDISE,AMMUNITION,REMINGTON,5,0,0,59.99,38.47,192.35,0,,45-70 GOV,,,,Desc 1,Desc 2,Desc 3,,
029465061159,0658-0613,Federal P460SA CF Pistol 460 S&W 300gr,MERCHANDISE,AMMUNITION,FEDERAL,1,0,0,69.99,52.74,52.74,0,,460 S&,,,,Desc 1,Desc 2,Desc 3,,
029465060435,0658-0420,Federal F460FS1 CF Pistol 460 S&W,MERCHANDISE,AMMUNITION,FEDERAL,2,0,0,43.95,27.53,55.06,0,,460 S&,,,,Desc 1,Desc 2,Desc 3,,
090255927900,0953-1126,Hornady 92790 Critical Defense Ammo,MERCHANDISE,AMMUNITION,HORNADY,1,0,0,39.99,24.52,24.52,0,,4,,,,Desc 1,Desc 2,Desc 3,,
054041600170,NOS60017,NOSLER 22-250 REM,MERCHANDISE,AMMUNITION,NOSLER,2,0,0,49.99,34,68,0,,,,,,Desc 1,Desc 2,Desc 3,,
029465098636,0658-1884,Federal F300WSMFS3 Fusion CF Rifle,MERCHANDISE,AMMUNITION,FEDERAL,2,0,0,44.95,27.59,55.18,0,,300 WS,,,,Desc 1,Desc 2,Desc 3,,
090255907001,0953-1127,Hornady 90700 Critical Defense Ammo,MERCHANDISE,AMMUNITION,HORNADY,2,0,0,35.99,21.59,43.18,0,,44 SP,,,,Desc 1,Desc 2,Desc 3,,
029465084417,0658-0383,Federal 7B Power Shok CF Rifle,MERCHANDISE,AMMUNITION,FEDERAL,1,0,0,41.95,27.64,27.64,0,,7MM MS,,,,Desc 1,Desc 2,Desc 3,,
747115010448,4103-0014,Weatherby H300180SP CF Rifle,MERCHANDISE,AMMUNITION,WEATHERBY,3,0,0,74.99,53.01,159.03,0,,300 WB,,,,Desc 1,Desc 2,Desc 3,,
029465063122,0658-1932,FEDERAL AMERICAN EAGLE 5.7X28MM 40GR,MERCHANDISE,AMMUNITION,FEDERAL,7,0,0,52.99,29.99,209.93,0,,,,,,Desc 1,Desc 2,Desc 3,,
029465098605,0658-1873,Federal F280FS1 Fusion CF Rifle,MERCHANDISE,AMMUNITION,FEDERAL,4,0,0,35.99,26.58,106.32,0,,280 RE,,,,Desc 1,Desc 2,Desc 3,,
741569060080,0455-0111,PMC 223A Bronze CF Rifle,MERCHANDISE,AMMUNITION,PMC,46,0,0,12.99,7.74,356.04,0,,223 RE,,,,Desc 1,Desc 2,Desc 3,,
029465058470,0658-2192,FEDERAL AE17WSMI AMERICAN EAGLE 17 20GR,MERCHANDISE,AMMUNITION,AMERICAN EAGLE,7,0,0,18.49,13.86,97.02,0,,,,,,Desc 1,Desc 2,Desc 3,,
047700169309,1505-0354,Remington L10MM6 UMC Pistol,MERCHANDISE,AMMUNITION,REMINGTON,5,0,0,34.99,22.49,112.45,0,,10M,,,,Desc 1,Desc 2,Desc 3,,
754908510108,1398-0122,Sellier & Bellot SB33081 Rifle Ammo,MERCHANDISE,AMMUNITION,SELLIER & BELLOT,3,0,0,23.99,14.39,43.17,0,,243 Wi,,,,Desc 1,Desc 2,Desc 3,,
076683035899,1508-1043,CCI 3589 Blazer 40 S&W ALLUMINIUM,MERCHANDISE,AMMUNITION,,5,0,0,23.99,14.17,70.85,0,,,,,,Desc 1,Desc 2,Desc 3,,
076683037381,1508-0161,CCI 3738 38/357 Mag Shotshell,MERCHANDISE,AMMUNITION,CCI/SPEER,6,0,0,21.99,12.83,76.98,0,,38/357M,,,,Desc 1,Desc 2,Desc 3,,
020892004467,0512-0748,Winchester AA289 AA Shotshell,MERCHANDISE,AMMUNITION,WINCHESTER,17,0,0,9.59,8.61,146.37,0,,28 G,,,,Desc 1,Desc 2,Desc 3,,
054041651059,0098-0407,Nosler 65105 Varmageddon Ammo,MERCHANDISE,AMMUNITION,NOSLER,2,0,0,34.99,25.73,51.46,0,,17 RE,,,,Desc 1,Desc 2,Desc 3,,
090255827330,H82733,HRNDY LVREVO 308MRLN EXPS 160GR 10RD,MERCHANDISE,AMMUNITION,HORNADY,8,0,0,37.99,22.5,180,0,,,,,,Desc 1,Desc 2,Desc 3,,
090255814477,0320405,HOR 25-06 90GR GMX FULBOR,MERCHANDISE,AMMUNITION,,4,0,0,29.99,20.05,80.2,0,,,,,,Desc 1,Desc 2,Desc 3,,
020892103573,B194122400,BAM CART 22LR 40GR LRN BPR,MERCHANDISE,AMMUNITION,BROWNING,1,0,1,47.99,28.79,28.79,0,,22LR,Shotgun,,,Desc 1,Desc 2,Desc 3,,
741569070027,PMC25A,PMC BRNZ 25ACP 50GR FMJ 50/1000,MERCHANDISE,AMMUNITION,PMC,2,0,0,31.99,18.89,37.78,0,,,,,,Desc 1,Desc 2,Desc 3,,
029465060374,0310512,FED 338FED 200GR SP POWER-SHOK,MERCHANDISE,AMMUNITION,FEDERAL,2,0,0,32.99,23.08,46.16,0,,,,,,Desc 1,Desc 2,Desc 3,,
029465064105,F338FMSR2,FDR FUSION MSR 338FED 185GR,MERCHANDISE,AMMUNITION,FEDERAL,3,0,0,34.99,24.42,73.26,0,,338 Federal,Shotgun,,,Desc 1,Desc 2,Desc 3,,
020892201972,WNQ4206BX,WIN USA 380ACP 95GR FMJ 50/500,MERCHANDISE,AMMUNITION,WINCHESTER,7,0,0,21.99,13.49,94.43,0,,,,,,Desc 1,Desc 2,Desc 3,,
076683037466,CCI3746,CCI 45LC #9 SHOTSHELL 10/200,MERCHANDISE,AMMUNITION,CCI/SPEER,6,0,0,19.99,12.34,74.04,0,,,,,,Desc 1,Desc 2,Desc 3,,
029465025885,FEH1218BX,FED GAME LOAD 12GA 2 3/4" #8 25/250,MERCHANDISE,AMMUNITION,FEDERAL,1,0,0,14.99,8.99,8.99,0,,,,,,Desc 1,Desc 2,Desc 3,,
029465072773,FEH20075BX,FED GAME LOAD 20GA 2 3/4" #7.5 25/,MERCHANDISE,AMMUNITION,FEDERAL,1,0,0,16.99,8.69,8.69,0,,,,,,Desc 1,Desc 2,Desc 3,,
029465009953,F203-RS,FDR SLGRFLD 20G 2.75 .75OZ HP,MERCHANDISE,AMMUNITION,FEDERAL,9,0,0,9.99,5.45,49.05,0,,20 Gauge,Shotgun,,,Desc 1,Desc 2,Desc 3,,
090255812466,81246,5.45X39,MERCHANDISE,AMMUNITION,HORNADY,8,0,0,14.99,8.8,70.4,0,,,,,,Desc 1,Desc 2,Desc 3,,
812285023779,0086-18,10mm 180 gr JHP,MERCHANDISE,AMMUNITION,ARMSCOR,1,0,0,22.49,12.72,12.72,0,,,,,,Desc 1,Desc 2,Desc 3,,
090255827477,H82747,HRNDY LVREVO 45-70  325GR 20/200,MERCHANDISE,AMMUNITION,HORNADY,2,0,0,59.99,35.35,70.7,0,,,,,,Desc 1,Desc 2,Desc 3,,
762344001623,0304171,FIO 9MM 115GR FMJ SD,MERCHANDISE,AMMUNITION,FIOCCHI,5,0,0,17.99,10.79,53.95,0,,,,,,Desc 1,Desc 2,Desc 3,,
787450240803,787450240803,UMAREX 9MM FLOBERT,MERCHANDISE,AMMUNITION,,14,0,0,29.99,20,280,0,,,,,,Desc 1,Desc 2,Desc 3,,
020892002531,X28H8,WIN HBGAME 28G 2.75-1-8,MERCHANDISE,AMMUNITION,WINCHESTER,4,0,0,19.39,13.37,53.48,0,,28 Gauge,Shotgun,,,Desc 1,Desc 2,Desc 3,,
090255812022,81202,HORN 81202 3040 KRAG 180 IL 2,MERCHANDISE,AMMUNITION,HORNADY,5,0,0,54.99,35.99,179.95,0,,,,,,Desc 1,Desc 2,Desc 3,,
716876165124,28986,BARNES VOR-TX LR 6.5 CREED,MERCHANDISE,AMMUNITION,,2,0,0,49.99,35.22,70.44,0,,,,,,Desc 1,Desc 2,Desc 3,,
747115419364,0311664,WBY 257WBY 100GR SPITZER,MERCHANDISE,AMMUNITION,WEATHERBY,3,0,0,39.99,31.58,94.74,0,,,,,,Desc 1,Desc 2,Desc 3,,
716876154449,BB44MAG4,BARNES VOR-TX 44MAG 225GR XPB 20/200,MERCHANDISE,AMMUNITION,BARNES,1,0,0,44.99,27.16,27.16,0,,,,,,Desc 1,Desc 2,Desc 3,,
029465097288,7WSME,FDR CART 7MMWSM 150GR SPPWRSHK,MERCHANDISE,AMMUNITION,FEDERAL,2,0,0,39.99,28.13,56.26,0,,7MM WSM,Shotgun,,,Desc 1,Desc 2,Desc 3,,
090255813913,81391,6MM CREEDMOOR,MERCHANDISE,AMMUNITION,HOWA,3,0,0,29.99,22.62,67.86,0,,,,,,Desc 1,Desc 2,Desc 3,,
090255903249,H90324,HRNDY AG 38SPL 125GR XTP 25/250,MERCHANDISE,AMMUNITION,HORNADY,32,0,0,28.99,17.09,546.88,0,,,,,,Desc 1,Desc 2,Desc 3,,
762344001319,762344001319,FIOCCHI 357 MAG 142GR,MERCHANDISE,AMMUNITION,FIOCCHI,2,0,0,47.99,28.06,56.12,0,,,,,,Desc 1,Desc 2,Desc 3,,
784268819993,784268819993,LIGHTFIELD CWXR RUBBER SHOT,MERCHANDISE,AMMUNITION,,1,0,0,12.99,9.01,9.01,0,,,,,,Desc 1,Desc 2,Desc 3,,
762344005249,762344005249,FIOCCHI LAW ENFORCEMENT LESS LETHAK 12GA RUBBER,MERCHANDISE,AMMUNITION,FIOCCHI,1,0,0,39.99,27.94,27.94,0,,,,,,Desc 1,Desc 2,Desc 3,,
754908114016,MT9A,MAGTECH 9MM 115GR FMJ 50/1000,MERCHANDISE,AMMUNITION,MAGTECH,2,0,0,12.99,9.89,19.78,0,,,,,,Desc 1,Desc 2,Desc 3,,
754908162208,754908162208,MAGTECH 9MM BRASS 115GR 1000 RD,MERCHANDISE,AMMUNITION,MAGTECH,1,0,0,249.99,197.82,197.82,0,,,,,,Desc 1,Desc 2,Desc 3,,
090255830057,H83005,HRNDY SF 17HRN 20GR V-MAX 25/250,MERCHANDISE,AMMUNITION,HORNADY,5,0,10,19.89,16.22,81.1,0,,,,,,Desc 1,Desc 2,Desc 3,,
741569060356,741569060356,PMC 50BMG 660GR FMJ,MERCHANDISE,AMMUNITION,PMC,5,0,0,54.99,29.02,145.1,0,,,,,,Desc 1,Desc 2,Desc 3,,
762344001531,0304696,FIO 30LUG 93GR MC,MERCHANDISE,AMMUNITION,FIOCCHI,5,0,0,28.99,19.72,98.6,0,,,,,,Desc 1,Desc 2,Desc 3,,
762344042626,F762TOK,FIOCCHI 762TOK 85GR FMJ 50/1000,MERCHANDISE,AMMUNITION,FIOCCHI,1,0,0,32.95,22.67,22.67,0,,,,,,Desc 1,Desc 2,Desc 3,,
8605003812272,4864-0131,PPU PP22H Rifle Ammo .22 Hornet SP 45gr,MERCHANDISE,AMMUNITION,PPU,1,0,0,34.99,18.93,18.93,0,,,,,,Desc 1,Desc 2,Desc 3,,
020892224209,020892224209,WINCHESTER 270 130GN LEAD FREE,MERCHANDISE,AMMUNITION,WINCHESTER,2,0,0,59.99,36.09,72.18,0,,,,,,Desc 1,Desc 2,Desc 3,,
090255391381,090255391381,HRNDY 480 RUGER 325GR XTP 20/200,MERCHANDISE,AMMUNITION,HORNADY,2,0,0,39.99,24.53,49.06,0,,,,,,Desc 1,Desc 2,Desc 3,,
604544647860,604544647860,FEDERAL 204 RUGER 32GN V MAX,MERCHANDISE,AMMUNITION,FEDERAL,3,0,0,18.99,12.68,38.04,0,,,,,,Desc 1,Desc 2,Desc 3,,
029465009830,FEF2033B,FED PWRSHK 20GA 2.75 MX #3 BCK 5/250,MERCHANDISE,AMMUNITION,FEDERAL,1,0,0,9.99,6.47,6.47,0,,,,,,Desc 1,Desc 2,Desc 3,,
090255711394,090255711394,FRONTIER 556 55GN FMJ 20,MERCHANDISE,AMMUNITION,FRONTIER,2,0,0,19.99,14.99,29.98,0,,,,,,Desc 1,Desc 2,Desc 3,,
837306004902,837306004902,HSM 38-40 180GR RD NOSE FL PT,MERCHANDISE,AMMUNITION,HPR,4,0,0,39.99,30.15,120.6,0,,,,,,Desc 1,Desc 2,Desc 3,,
029465027766,TG20-7.5,FDR TG 20G 2.75-2.5DE-.875-7.5,MERCHANDISE,AMMUNITION,FEDERAL,4,0,0,14.99,8.6,34.4,0,,20 Gauge,Shotgun,,,Desc 1,Desc 2,Desc 3,,
604544651447,604544651447,FEDERAL 12GA SHORTY 8 SHOT,MERCHANDISE,AMMUNITION,FEDERAL,9,0,0,9.99,6.09,54.81,0,,,,,,Desc 1,Desc 2,Desc 3,,
090255902440,H90244,HRNDY AG 9MM 115GR XTP 25/250,MERCHANDISE,AMMUNITION,HORNADY,4,0,0,27.99,17.09,68.36,0,,,,,,Desc 1,Desc 2,Desc 3,,
798681501755,798681501755,SIG SAUER 9MM 147GR JHP 50CT,MERCHANDISE,AMMUNITION,SIG SAUER,1,0,0,59.99,34.66,34.66,0,,,,,,Desc 1,Desc 2,Desc 3,,
029465062965,0315618,FED 45ACP 230GR FMJ RN 50RD/BX,MERCHANDISE,AMMUNITION,FEDERAL,7,0,0,26.99,16.19,113.33,0,,,,,,Desc 1,Desc 2,Desc 3,,
020892224544,020892224544,WINCHESTER 6.5 CREEDMOOR 125GR OPEN TIP,MERCHANDISE,AMMUNITION,WINCHESTER,1,0,0,23.99,14.39,14.39,0,,,,,,Desc 1,Desc 2,Desc 3,,
029465019365,TG12-7.5,FDR TG 12G 2.75-3DE-1.125-7.5,MERCHANDISE,AMMUNITION,FEDERAL,2,0,0,15.99,8.6,17.2,0,,12 Gauge,Shotgun,,,Desc 1,Desc 2,Desc 3,,
787450579866,787450579866,RED ARMY 9MM STEEL 115GN FMJ,MERCHANDISE,AMMUNITION,,2,0,0,19.99,13.05,26.1,0,,,,,,Desc 1,Desc 2,Desc 3,,
090255383270,H8327,HRNDY 223REM 55GR VMAX 20/200,MERCHANDISE,AMMUNITION,HORNADY,2,0,0,31.99,19.95,39.9,0,,,,,,Desc 1,Desc 2,Desc 3,,
741569010122,PMC556K,PMC XTAC 556NATO 62GR LAP 20/1000,MERCHANDISE,AMMUNITION,PMC,1,0,0,13.99,8.84,8.84,0,,,,,,Desc 1,Desc 2,Desc 3,,
090255827415,H82741,HRNDY LVREVO 45-70 250GR MFX 20/200,MERCHANDISE,AMMUNITION,HORNADY,5,0,0,69.99,44.09,220.45,0,,,,,,Desc 1,Desc 2,Desc 3,,
604544617351,FE270130LFA,FED PWRSHK 270WIN 130GR CPR 20/200,MERCHANDISE,AMMUNITION,FEDERAL,1,0,0,54.99,33.93,33.93,0,,,,,,Desc 1,Desc 2,Desc 3,,
741569070126,0303030,PMC 38SUP+P 130FMC CART,MERCHANDISE,AMMUNITION,PMC,4,0,0,35.99,21.47,85.88,0,,,,,,Desc 1,Desc 2,Desc 3,,
604544630275,604544630275,FEDERAL 224 VALKYRIF 90GN,MERCHANDISE,AMMUNITION,,2,0,0,30.99,21.42,42.84,0,,,,,,Desc 1,Desc 2,Desc 3,,
020892221819,0320189,WIN 9MM 115GR FMJ 200CT,MERCHANDISE,AMMUNITION,WINCHESTER,1,0,1,82.99,50.49,50.49,0,,,,,,Desc 1,Desc 2,Desc 3,,
812285021751,ARMFAC22TCMNR-1N,ARMSCOR 22TCM9R 39GR JHP 50/1000,MERCHANDISE,AMMUNITION,ARMSCOR,2,0,0,22.99,16.79,33.58,0,,,,,,Desc 1,Desc 2,Desc 3,,
604544644159,604544644159,FEDERAL 20GA 6 2 3/4,MERCHANDISE,AMMUNITION,FEDERAL,1,0,0,19.99,11.99,11.99,0,,,,,,Desc 1,Desc 2,Desc 3,,
754908501045,754908501045,SELLIER BELLOT 460SW 255GN JHP,MERCHANDISE,AMMUNITION,SELLIER & BELLOT,1,0,0,29.99,17.37,17.37,0,,,,,,Desc 1,Desc 2,Desc 3,,
604544630282,100175,Federal P224VLKBT1 Premium V- Shok 224 Valkyrie 60 gr Nosler Ballistic Tip (NBT) 20 Bx,MERCHANDISE,AMMUNITION,FEDERAL,2,0,0,33.99,20.2,40.4,0,,,,,,Desc 1,Desc 2,Desc 3,,
090255814538,H81453,HRNDY SF 25-06REM 117GR SST 20/200,MERCHANDISE,AMMUNITION,HORNADY,2,0,0,44.99,27.83,55.66,0,,,,,,Desc 1,Desc 2,Desc 3,,
8435101637220,WT288,WING & TARGET  28 12GA 2 3/4 1250FPS 1OZ #8,MERCHANDISE,AMMUNITION,RIO AMMUNITION LLC,1,0,4,12.99,7.76,7.76,0,,,,,,Desc 1,Desc 2,Desc 3,,
090255382402,405 WINCHESTER,405 WINCHESTER,MERCHANDISE,AMMUNITION,HORNADY,2,0,0,39.99,35.18,70.36,0,,,,,,Desc 1,Desc 2,Desc 3,,
640420001036,640420001036,AGUILA .22HP,MERCHANDISE,AMMUNITION,AGUILA AMMUNITION,40,0,0,3.99,2.56,102.4,0,,,,,,Desc 1,Desc 2,Desc 3,,
798681537716,E380A150,Sig Sauer E380A150 Elite V-Crown 380 ACP 90 gr Jacketed Hollow Point (JHP) 50 Bx/ 20 Cs,MERCHANDISE,AMMUNITION,SIG SAUER,4,0,0,43.99,26.99,107.96,0,,,,,,Desc 1,Desc 2,Desc 3,,
716876130115,BB300AAC1,BARNES VOR-TX 300BLK 110GR TTSX FB,MERCHANDISE,AMMUNITION,BARNES,1,0,0,54.99,27.75,27.75,0,,,,,,Desc 1,Desc 2,Desc 3,,
054041600491,NOS60049,NOSLER 308WIN 165GR AB 20/200,MERCHANDISE,AMMUNITION,NOSLER,2,0,0,54.99,35.41,70.82,0,,,,,,Desc 1,Desc 2,Desc 3,,
651815008073,8G/20,Buffalo Bore Ammunition 8G Buffalo-Barnes Lead-Free 45-70 Gov 350 gr Barnes TSX Flat Nose 20 Bx/,MERCHANDISE,AMMUNITION,,1,0,0,85.99,62.45,62.45,0,,,,,,Desc 1,Desc 2,Desc 3,,
716876022465,716876022465,BARNES VOR-TEX,MERCHANDISE,AMMUNITION,BARNES,2,0,0,49.99,35.22,70.44,0,,,,,,Desc 1,Desc 2,Desc 3,,
029465093891,BC9NT3,Federal BC9NT3 BallistiClean Lead-Free 9mm Luger 100 gr Lead Free Frangible 50 Bx,MERCHANDISE,AMMUNITION,FEDERAL,1,0,0,43.75,28,28,0,,,,,,Desc 1,Desc 2,Desc 3,,
076683000477,CCI47,CCI 22LR VELOCITOR 40GR HP 50/5000,MERCHANDISE,AMMUNITION,CCI/SPEER,27,0,0,12.99,7.02,189.54,0,,,,,,Desc 1,Desc 2,Desc 3,,
604544656565,AE9LF1,FEDERAL 9MM LEAD FREE,MERCHANDISE,AMMUNITION,FEDERAL,16,0,0,39.99,17.54,280.64,0,,,,,,Desc 1,Desc 2,Desc 3,,
8605003813149,PPH40F,PPU PPH40F Handgun 40 S&W 165 gr Flat Point Jacketed (FPJ) 50 Bx,MERCHANDISE,AMMUNITION,PPU,6,0,0,25.99,15.79,94.74,0,,,,,,Desc 1,Desc 2,Desc 3,,
029465061623,0311888,FED 35W 200GR FUSION,MERCHANDISE,AMMUNITION,FEDERAL,2,0,0,49.99,33,66,0,,,,,,Desc 1,Desc 2,Desc 3,,
029465008833,H412-7.5,FDR GAME HB 410G 2.5-.5OZ-7.5,MERCHANDISE,AMMUNITION,FEDERAL,8,0,0,24.99,16.06,128.48,0,,410 Gauge,Shotgun,,,Desc 1,Desc 2,Desc 3,,
8605003812777,7mm Mauser,7mm Mauser SP 139gr,MERCHANDISE,AMMUNITION,PPU,5,0,0,41.99,19.27,96.35,0,,,,,,Desc 1,Desc 2,Desc 3,,
020892227910,x300sdslf,300 wsm 150 grain,MERCHANDISE,AMMUNITION,WINCHESTER,4,0,0,69.59,47.68,190.72,0,,,,,,Desc 1,Desc 2,Desc 3,,
029465098339,P44XB1,FDR CART 44M 225GR BARNES EXP,MERCHANDISE,AMMUNITION,FEDERAL,6,0,0,52.99,37.7,226.2,0,,44M,Shotgun,,,Desc 1,Desc 2,Desc 3,,
020892026520,WNSB1200PD,COPPER PLATED BUCKSHOT,MERCHANDISE,AMMUNITION,WINCHESTER,4,0,0,29.99,16.65,66.6,0,,,,,,Desc 1,Desc 2,Desc 3,,
020892007079,WNXB1200,WIN SUPERX 12GA 2.75 00BK 9PEL 5/250,MERCHANDISE,AMMUNITION,WINCHESTER,50,0,0,5.5,3.3,165,0,,,,,,Desc 1,Desc 2,Desc 3,,
076683000514,0315455,CCI 22LR 40GR LRN PISTOL MATCH,MERCHANDISE,AMMUNITION,CCI/SPEER,3,0,0,15.99,9.79,29.37,0,,,,,,Desc 1,Desc 2,Desc 3,,
020892226326,Winchester 350 Legen,Winchester 350 Legend 180 grain,MERCHANDISE,AMMUNITION,WINCHESTER,4,0,0,34.99,21.74,86.96,0,,,,,,Desc 1,Desc 2,Desc 3,,
020892224520,046612,WIN X450 BUSHMASTER 250 XP DEER,MERCHANDISE,AMMUNITION,WINCHESTER,4,0,0,49.99,35.36,141.44,0,,,,,,Desc 1,Desc 2,Desc 3,,
020892225558,107557,WIN S10MMPDB 10 MM 180 BD DFN,MERCHANDISE,AMMUNITION,WINCHESTER,2,0,0,42.99,28.69,57.38,0,,,,,,Desc 1,Desc 2,Desc 3,,
,45 AUTO RANGE PAK,45 ACP 230 GRAIN,MERCHANDISE,AMMUNITION,WINCHESTER,2,0,0,41.99,23.39,46.78,0,,,,,,Desc 1,Desc 2,Desc 3,,
604544657463,604544657463,FED PREMIUM 357SIG 125G,MERCHANDISE,AMMUNITION,FEDERAL,2,0,0,39.99,28.49,56.98,0,,,,,,Desc 1,Desc 2,Desc 3,,
4806015503262,22 TCM,ARMSCOR 22 TCM 40 GRAIN,MERCHANDISE,AMMUNITION,,2,0,0,49.99,38.47,76.94,0,,,,,,Desc 1,Desc 2,Desc 3,,
8435101628457,RBSM324,RIO GAME LOAD BLUE STEEL #7,MERCHANDISE,AMMUNITION,RIO AMMUNITION LLC,2,0,0,17.99,10.42,20.84,0,,,,,,Desc 1,Desc 2,Desc 3,,
090255809206,050676,HORNADY CD RIFLE AMMO,MERCHANDISE,AMMUNITION,HORNADY,1,0,0,53.99,31.88,31.88,0,,,,,,Desc 1,Desc 2,Desc 3,,
090255391510,9151,HORN 9151 454 CAS,MERCHANDISE,AMMUNITION,,2,0,0,58.99,33.96,67.92,0,,,,,,Desc 1,Desc 2,Desc 3,,
741569140911,741569140911,PMC 28 GA,MERCHANDISE,AMMUNITION,PMC,3,0,0,24.1,17.81,53.43,0,,,,,,Desc 1,Desc 2,Desc 3,,
762344710969,357GCMJ,Fiocchi 357GCMJ Range Dynamics  357 Mag 158 gr 1250 fps Copper Metal Jacket Flat Point 50 Bx 20 Cs,MERCHANDISE,AMMUNITION,FIOCCHI,2,0,0,47.99,27.7,55.4,0,,N/A,N/A,,,Desc 1,Desc 2,Desc 3,,
092763600306,151709,Sierra A836036 Outdoor Master  357 Mag 158 gr Jacket Hollow Point Sport Master 20 Per Box,MERCHANDISE,AMMUNITION,,5,0,0,33.99,18.49,92.45,0,,,,,,Desc 1,Desc 2,Desc 3,,
047700530901,28069,Remington Ammunition 28069 Premier TSS  410 Gauge 3" 7/8 oz 1100 fps Tungsten 9 Shot 5 Bx/ 10 Cs,MERCHANDISE,AMMUNITION,REMINGTON,5,0,0,49.99,29.74,148.7,0,,N/A,N/A,,,Desc 1,Desc 2,Desc 3,,
020892100732,X22M,WIN SUPER-X 22MAG FMJ 50/40,MERCHANDISE,AMMUNITION,WINCHESTER,1,0,0,16.99,9.89,9.89,0,,N/A,N/A,,,Desc 1,Desc 2,Desc 3,,
741569200035,74085,PMC 44B Bronze  44 Rem Mag 180 gr 1750 fps Jacketed Hollow Point (JHP) 25 Bx/20 Cs,MERCHANDISE,AMMUNITION,,3,0,0,44.99,24.49,73.47,0,,,,,,Desc 1,Desc 2,Desc 3,,
716876145737,21579,BAR 45-70 300GR TSX FN VOR-TX 20/10,MERCHANDISE,AMMUNITION,BARNES,7,0,0,79.99,46.24,323.68,0,,N/A,N/A,,,Desc 1,Desc 2,Desc 3,,
716876030309,21535,BAR 30-30WIN 150GR TSX FN VOR-TX 20/10,MERCHANDISE,AMMUNITION,,4,0,0,55.99,33.03,132.12,0,,N/A,N/A,,,Desc 1,Desc 2,Desc 3,,
090255821642,82164,HORN OUTFITTER 300PRC 190GR CX 20/10,MERCHANDISE,AMMUNITION,HORNADY,1,0,0,74.99,41.34,41.34,0,,N/A,N/A,,,Desc 1,Desc 2,Desc 3,,
6418267103091,LP4318013,LAPUA 338 AMMO,MERCHANDISE,AMMUNITION,LAUER,1,0,0,99.99,63.49,63.49,0,,,,,,Desc 1,Desc 2,Desc 3,,
076683539199,53919,Speer 53919 Lawman Training 357 Sig 125 gr 1325 fps Total Metal Jacket Flat Nose (TMJFN) 50 Bx/20 Cs,MERCHANDISE,AMMUNITION,SPEER,2,0,0,74.99,51.28,102.56,0,,N/A,N/A,,,Desc 1,Desc 2,Desc 3,,
090255382303,8230,HORN MATCH 338LAP 250GR BTHP 20/6,MERCHANDISE,AMMUNITION,HORNADY,3,0,0,174.99,102.62,307.86,0,,N/A,N/A,,,Desc 1,Desc 2,Desc 3,,
716876128433,21561,Barnes Bullets 21561 VOR-TX Centerfire Rifle 7mm-08 Rem 120 gr Tipped TSX Boat-Tail 20 Per Box/ 10 Cs,MERCHANDISE,AMMUNITION,BARNES,2,0,0,59.99,41.89,83.78,0,,N/A,N/A,,,Desc 1,Desc 2,Desc 3,,
604544672497,USH12275,Federal USH12275 Upland Field & Range 12 Gauge 2.75" 1 oz 1375 fps 7.5 Shot 25 Bx/10 Cs,MERCHANDISE,AMMUNITION,FEDERAL,25,0,0,20.99,12.66,316.5,0,,N/A,N/A,,,Desc 1,Desc 2,Desc 3,,
878122008156,149222,B&amp;amp;P 12B14PH7 Competition Flyer 12 Gauge 2.75" 1 1/4 oz 7.5 Shot 10 Per Box/10 Cs,MERCHANDISE,AMMUNITION,,20,0,0,14.99,8.04,160.8,0,,,,,,Desc 1,Desc 2,Desc 3,,
047700054209,21395,Remington Ammunition 21395 Core-Lokt  30-30 Win 170 gr Hollow Point Core-Lokt (HPCL) 20 Per Box/ 10 Cs,MERCHANDISE,AMMUNITION,,1,0,0,34.99,21.15,21.15,0,,N/A,N/A,,,Desc 1,Desc 2,Desc 3,,
716876028467,21529,Barnes Bullets 21529 VOR-TX Rifle 7mm Rem Mag 160 gr TSX Boat-Tail 20 Per Box/ 10 Cs,MERCHANDISE,AMMUNITION,BARNES,1,0,0,69.99,45.18,45.18,0,,N/A,N/A,,,Desc 1,Desc 2,Desc 3,,
716876030064,21537,Barnes Bullets 21537 VOR-TX Rifle 300 Win Mag 165 gr Tipped TSX Boat Tail 20 Per Box/10 Cs,MERCHANDISE,AMMUNITION,BARNES,1,0,0,74.99,45,45,0,,N/A,N/A,,,Desc 1,Desc 2,Desc 3,,
604544649246,P3006BCH1,Federal P3006BCH1 Premium  30-06 Springfield 168 gr Berger Hybrid Hunter 20 Per Box/ 10 Cs,MERCHANDISE,AMMUNITION,FEDERAL,2,0,0,54.99,31.67,63.34,0,,N/A,N/A,,,Desc 1,Desc 2,Desc 3,,
090255862713,86271,Hornady 86271 American Whitetail  12 Gauge 2.75" 1 oz/325 gr 1825 fps InterLock Slug Shot 5 Bx/20 Cs,MERCHANDISE,AMMUNITION,HORNADY,11,0,0,19.99,10.65,117.15,0,,N/A,N/A,,,Desc 1,Desc 2,Desc 3,,
AMEA7.62X39,AMEA7.62X39,AMERICAN EAGLE 7.62X39,MERCHANDISE,AMMUNITION,AMERICAN EAGLE,1,0,0,19.99,10,10,0,,,,,,Desc 1,Desc 2,Desc 3,,
716876143580,BAR 32141,BARNES 357 LEAD FREE AMMO,MERCHANDISE,AMMUNITION,BARNES,4,0,0,42.99,23.66,94.64,0,,,,,,Desc 1,Desc 2,Desc 3,,
092763600337,151711,Sierra A882638 Outdoor Master  45 Colt 225 gr Jacket Hollow Point Sport Master 20 Per Box,MERCHANDISE,AMMUNITION,SIERRA,1,0,0,32.99,21.99,21.99,0,,,,,,Desc 1,Desc 2,Desc 3,,
020892016071,020892016071,20 GA AMMO,MERCHANDISE,AMMUNITION,,1,0,0,19.99,11.51,11.51,0,,,,,,Desc 1,Desc 2,Desc 3,,
029465097349,BC223NT5A,Federal BC223NT5A BallistiClean Reduced Hazard Training 223 Rem 55 gr RHT 20 Per Box/ 25 Cs,MERCHANDISE,AMMUNITION,FEDERAL,4,0,0,39.99,23.55,94.2,0,,N/A,N/A,,,Desc 1,Desc 2,Desc 3,,
020892201903,Q3174,WIN USA 7.62X39 123GR FMJ 20/10 (2250),MERCHANDISE,AMMUNITION,,1,0,0,18.99,11.69,11.69,0,,N/A,N/A,,,Desc 1,Desc 2,Desc 3,,
747115425129,24426,Weatherby B333225TTSX Select Plus  338-378 Wthby Mag 225 gr Barnes Tipped TSX Lead Free 20 Per Box/ 10 Cs,MERCHANDISE,AMMUNITION,,1,0,0,79.99,50,50,0,,,,,,Desc 1,Desc 2,Desc 3,,
20741569010126,75971,PMC 556 X-Tac  5.56x45mm NATO 62 gr Light Armor Piercing 20 Per Box/ 50 Cs,MERCHANDISE,AMMUNITION,,1,0,0,700,442,442,0,,,,,,Desc 1,Desc 2,Desc 3,,
818778020966,9124JHPA20,Ammo Inc 9124JHPA20 Signature  9mm Luger 124 gr Jacket Hollow Point 20 Per Box/ 10 Case,MERCHANDISE,AMMUNITION,,1,0,0,24.99,12.47,12.47,0,,N/A,N/A,,,Desc 1,Desc 2,Desc 3,,
020892233379,WINSG223KW,USA 223 55GR AMMO,MERCHANDISE,AMMUNITION,WINCHESTER,102,0,0,15.99,9.72,991.44,0,,,,,,Desc 1,Desc 2,Desc 3,,
020892233393,WINSGM855KW,USA 556 62GR AMMO,MERCHANDISE,AMMUNITION,WINCHESTER,39,0,0,15.99,9.79,381.81,0,,,,,,Desc 1,Desc 2,Desc 3,,
604544250480,116740,EST SS12H8 SSP COMP TGT,MERCHANDISE,AMMUNITION,ESTATE,3,0,0,14.99,8.82,26.46,0,,,,,,Desc 1,Desc 2,Desc 3,,
092763600115,SIA846025,SIERRA SPORTS MASTER HANDGUN AMMO 40,MERCHANDISE,AMMUNITION,SIERRA,1,0,0,34.99,19.49,19.49,0,,,,,,Desc 1,Desc 2,Desc 3,,
3877002037092,156355,AMMOINC IGMAN 7.62 FMJ,MERCHANDISE,AMMUNITION,AKKAR,29,0,0,15.99,9.45,274.05,0,,,,,,Desc 1,Desc 2,Desc 3,,
640420017013,163925,AGUILA 1CHB1385 12GA MINI,MERCHANDISE,AMMUNITION,AGUILA AMMUNITION,2,0,0,32.99,19.35,38.7,0,,,,,,Desc 1,Desc 2,Desc 3,,
754908512195,086289,S&B SB3006E 3006 180 SPCE 2,MERCHANDISE,AMMUNITION,SELLIER & BELLOT,2,0,0,29.99,16.02,32.04,0,,,,,,Desc 1,Desc 2,Desc 3,,
850059755051,SHOCKWAVE,SHOCKWAVE 410 AMMO CAN,MERCHANDISE,AMMUNITION,,3,0,0,79.99,59.61,178.83,0,,,,,,Desc 1,Desc 2,Desc 3,,
798681537693,005419,SIG SAUER 40S&W AMMO,MERCHANDISE,AMMUNITION,SIG SAUER,3,0,0,59.99,35,105,0,,,,,,Desc 1,Desc 2,Desc 3,,
758381721396,133877,FSM 45-70 TUI AMMO,MERCHANDISE,AMMUNITION,FORT SCOTT MUNITIONS,1,0,0,64.99,37.74,37.74,0,,,,,,Desc 1,Desc 2,Desc 3,,
810742029586,165078,HSM 7MM MAG,MERCHANDISE,AMMUNITION,HSM,3,0,0,69.99,43.71,131.13,0,,,,,,Desc 1,Desc 2,Desc 3,,
090255808018,H80801,HRNDY AW 3030WN 150GR INT RN 20/,MERCHANDISE,AMMUNITION,HORNADY,3,0,0,34.99,20.69,62.07,0,,,,,,Desc 1,Desc 2,Desc 3,,
091037004796,034659,DTAP 45-70 LEAD FREE,MERCHANDISE,AMMUNITION,DDT,2,0,0,74.99,46.96,93.92,0,,,,,,Desc 1,Desc 2,Desc 3,,
837306005862,156214,HSM 383N 38SP 148,MERCHANDISE,AMMUNITION,HSM,1,0,0,39.99,23.4,23.4,0,,,,,,Desc 1,Desc 2,Desc 3,,
837306006302,082204,7MAG180VLD 7MMREM 180,MERCHANDISE,AMMUNITION,HSM,4,0,1,79.99,52.06,208.24,0,,,,,,Desc 1,Desc 2,Desc 3,,
798681576777,SIG E65CH120,SIG AMMO 6.5CREED 120GR,MERCHANDISE,AMMUNITION,SIG SAUER,4,0,0,34.99,19.99,79.96,0,,,,,,Desc 1,Desc 2,Desc 3,,
798681568192,SIG E308M220,SIG AMMO 308WIN 175GR,MERCHANDISE,AMMUNITION,SIG SAUER,2,0,0,34.99,19.99,39.98,0,,,,,,Desc 1,Desc 2,Desc 3,,
076683000392,CCI39,CCI P22SS 22LR SHOTSHELL 20/2000,MERCHANDISE,AMMUNITION,CCI/SPEER,15,0,0,14.99,7.8,117,0,,,,,,Desc 1,Desc 2,Desc 3,,
0100762344033839106404274,FIO9AP,FIOCCHI 9MM CASE,MERCHANDISE,AMMUNITION,,1,0,0,299.99,217.8,217.8,0,,,,,,Desc 1,Desc 2,Desc 3,,
816383002629,114140,HEVI BISMUTH 410 3IN AMMO,MERCHANDISE,AMMUNITION,,2,0,0,59.99,39.88,79.76,0,,,,,,Desc 1,Desc 2,Desc 3,,
604544695144,158935,HEVI - XII 3IN 7 AMMO,MERCHANDISE,AMMUNITION,,1,0,0,99.99,66.46,66.46,0,,,,,,Desc 1,Desc 2,Desc 3,,
0114806015504457,AUA 50445,ARMSCORE 9MM BLUK 1200RDS,MERCHANDISE,AMMUNITION,ARMSCOR,1,0,0,450,272.04,272.04,0,,,,,,Desc 1,Desc 2,Desc 3,,
762344706795,762344706795,FIOCCHI 12GA STEEL TARGET,MERCHANDISE,AMMUNITION,FIOCCHI,3,0,0,16.99,10.97,32.91,0,,,,,,Desc 1,Desc 2,Desc 3,,
090255909043,H90904,HRNDY AG 45ACP 185GR XTP 20/200,MERCHANDISE,AMMUNITION,HORNADY,9,0,0,29.99,17.09,153.81,0,,,,,,Desc 1,Desc 2,Desc 3,,
029465085421,FE357HS1,FED HYDRA-SHOK 357MAG 158GR 20/500,MERCHANDISE,AMMUNITION,FEDERAL,7,0,0,39.99,24.71,172.97,0,,,,,,Desc 1,Desc 2,Desc 3,,
7393923325385,156093,NORMA 270 LEAD FREE AMMO,MERCHANDISE,AMMUNITION,NORMA,2,0,0,59.99,35.99,71.98,0,,,,,,Desc 1,Desc 2,Desc 3,,
029465063412,FEP270TC1,FED PRM 270WIN 130GR TRPHY COPPER 20,MERCHANDISE,AMMUNITION,FEDERAL,3,0,0,59.99,38.21,114.63,0,,,,,,Desc 1,Desc 2,Desc 3,,
076683538802,0308640,SPEER 40SW 180GR TMJ FN LWM CF,MERCHANDISE,AMMUNITION,SPEER,7,0,0,32.99,17.99,125.93,0,,,,,,Desc 1,Desc 2,Desc 3,,
090255810844,0320403,HOR 3006 180GR IL SP AM-WTAIL,MERCHANDISE,AMMUNITION,HORNADY,3,0,0,36.99,21.15,63.45,0,,,,,,Desc 1,Desc 2,Desc 3,,
090255823004,H82300,HRNDY 338 LAPUA 285GR ELD 20/120,MERCHANDISE,AMMUNITION,HORNADY,7,0,0,109.99,99.99,699.93,0,,,,,,Desc 1,Desc 2,Desc 3,,
604544695656,4806015518686,BLAZZER BRASS 9MM 100GR LOW RECOIL,MERCHANDISE,AMMUNITION,CCI/SPEER,19,0,0,17.99,10.82,205.58,0,,,,,,Desc 1,Desc 2,Desc 3,,
10076683,53620,SPEER LAWMAN TMJ 9MM 147GR,MERCHANDISE,AMMUNITION,,2,0,0,339.99,251.82,503.64,0,,,,,,Desc 1,Desc 2,Desc 3,,
10076683052305,5230,CCI BLAZER 45 AUTO BRASS 230GR FMJ 1000RDS,MERCHANDISE,AMMUNITION,CCI/SPEER,3,0,0,429.99,341.82,1025.46,0,,,,,,Desc 1,Desc 2,Desc 3,,
604544677546,PD44SP1,FEDERAL 44 S&W SPECIAL PUNCH JHP 180GRAIN,MERCHANDISE,AMMUNITION,FEDERAL,1,0,0,39.99,24.29,24.29,0,,,,,,Desc 1,Desc 2,Desc 3,,
090255862744,022931,HORNADY 12GA 00BUCK,MERCHANDISE,AMMUNITION,HORNADY,2,0,0,18.99,11.48,22.96,0,,,,,,Desc 1,Desc 2,Desc 3,,
020892013261,0309144,WIN 12G 2.75  3-1/4 1 7.5 SUP-X,MERCHANDISE,AMMUNITION,WINCHESTER,1,0,0,129.99,89.1,89.1,0,,,,,,Desc 1,Desc 2,Desc 3,,
029465025663,FEH1216BX,FED GAME LOAD 12GA 2 3/4" #6 25/250,MERCHANDISE,AMMUNITION,FEDERAL,9,0,0,14.99,8.99,80.91,0,,,,,,Desc 1,Desc 2,Desc 3,,
,TGL 12P8,FEDERAL 12GA 2-3/4 1-1/8OZ 8SHOT PINK,MERCHANDISE,AMMUNITION,FEDERAL,10,0,0,14.99,8.99,89.9,0,,,,,,Desc 1,Desc 2,Desc 3,,
754908367108,10034537,CBC/MAGTECH 5.56 BALL M193 1000RDS,MERCHANDISE,AMMUNITION,MAGTAC,1,0,0,499.99,387,387,0,,,,,,Desc 1,Desc 2,Desc 3,,
090255820447090255820447,H82044,HRNDY AW 300WIN 180GR INT 20/200,MERCHANDISE,AMMUNITION,HORNADY,4,0,0,48.99,28.79,115.16,0,,,,,,Desc 1,Desc 2,Desc 3,,
640420013305,1B220335,AGULIA 22LR HP 38 GR 2000RDS,MERCHANDISE,AMMUNITION,AGUILA AMMUNITION,2,0,1,129.99,102.6,205.2,0,,,,,,Desc 1,Desc 2,Desc 3,,
604544695861,36BF1100,FEDERAL 22LR LEAD HP 36GR 1100RNDS,MERCHANDISE,AMMUNITION,FEDERAL,5,0,0,84.99,61.65,308.25,0,,,,,,Desc 1,Desc 2,Desc 3,,
850021104337,NEMO,NEMO 300AAC 125GR FMJ 20RD BOX,MERCHANDISE,AMMUNITION,,34,0,0,14.99,9,306,0,,,,,,Desc 1,Desc 2,Desc 3,,
604544647396,23980GD,GOLD DOT 44 S&W SPL 200GR 20RDS,MERCHANDISE,AMMUNITION,CCI/SPEER,2,0,0,54.99,32.85,65.7,0,,,,,,Desc 1,Desc 2,Desc 3,,
076683536198,53619,SPEER GOLD DOT 9MM 147GR GDHP 50RD,MERCHANDISE,AMMUNITION,CCI/SPEER,7,0,0,44.99,26.99,188.93,0,,,,,,Desc 1,Desc 2,Desc 3,,
ts9xd2,ts9xd2,APEX 9MM 90GR 20RD XTREME DEFENSE,MERCHANDISE,AMMUNITION,TARGET SPORTS,4,0,0,24.99,7.2,28.8,0,,,,,,Desc 1,Desc 2,Desc 3,,
ts40xd2,ts40xd2,APEX 40SW 115GR 20RD EXTREME DEFENSE,MERCHANDISE,AMMUNITION,TARGET SPORTS,4,0,0,34.99,9,36,0,,,,,,Desc 1,Desc 2,Desc 3,,
198168331729,NRTR12BK,NEW REPUBLIC 12 GUAGE 00 BUCKSHOT,MERCHANDISE,AMMUNITION,NEW REPUBLIC,19,0,0,22.99,13.49,256.31,0,,,,,,Desc 1,Desc 2,Desc 3,,
8033343363657,CT82475,STARS & STRIPES TARGET LOAD 20 GAUGE,MERCHANDISE,AMMUNITION,STAR,7,0,0,14.99,8.99,62.93,0,,,,,,Desc 1,Desc 2,Desc 3,,
754908116010,0307698,MGT 9MM 115GR JHP,MERCHANDISE,AMMUNITION,MAGTECH,2,0,0,25.99,15.29,30.58,0,,,,,,Desc 1,Desc 2,Desc 3,,
798351557716,E380A1-50,SIG ELITE DEFENSE 380AUTO 90GR JHP,MERCHANDISE,AMMUNITION,SIG SAUER,5,0,0,43.99,26.46,132.3,0,,,,,,Desc 1,Desc 2,Desc 3,,
090255901047,0320003,HOR 380ACP 90GR AM GNR,MERCHANDISE,AMMUNITION,HORNADY,8,0,0,28.99,17.09,136.72,0,,,,,,Desc 1,Desc 2,Desc 3,,
029465088668,P380HS1G,FEDERAL 380 HYDRA SHOCK 90 GRAIN,MERCHANDISE,AMMUNITION,FEDERAL,5,0,0,52.99,31.49,157.45,0,,,,,,Desc 1,Desc 2,Desc 3,,
604544647389,23960GD,SPEER GOLD DOT 357 MAG 158GR GDHP 20RD,MERCHANDISE,AMMUNITION,SPEER,2,0,0,43.99,26.09,52.18,0,,,,,,Desc 1,Desc 2,Desc 3,,
076683538338,53833-CCI,SPR LAWCLEAN 38+P 158GR TMJ FN,MERCHANDISE,AMMUNITION,SPEER,3,0,0,41.99,25.19,75.57,0,,38SP,N/A,,,Desc 1,Desc 2,Desc 3,,
754908170616,TS38N-38,MAGTECH SPORT 38 SPECIAL +P 158 AMMO,MERCHANDISE,AMMUNITION,MAGTECH,4,0,0,41.99,25.19,100.76,0,,,,,,Desc 1,Desc 2,Desc 3,,
  8605003812814,8605003812814,PPU RIFLE LINE 75X55 SWISS,MERCHANDISE,AMMUNITION,PPU,5,0,0,37.99,22.49,112.45,0,,,,,,Desc 1,Desc 2,Desc 3,,
054041400343,40034,NOS E-TIP 308WIN 150 20,MERCHANDISE,AMMUNITION,NOSLER,2,0,0,64.99,40.54,81.08,0,,,,,,Desc 1,Desc 2,Desc 3,,
091037349408,162196,DTAP 308W165X LD FREE,MERCHANDISE,AMMUNITION,DDT,2,0,0,49.993,32.17,64.34,0,,,,,,Desc 1,Desc 2,Desc 3,,
651815039022,080798,BBA 39B/20 308W 150 TTSX,MERCHANDISE,AMMUNITION,BUFFALO BORE,2,0,0,74.99,45.75,91.5,0,,,,,,Desc 1,Desc 2,Desc 3,,
10076683052015,5201,BLAZER 9MM 124GR 1000RD CASE,MERCHANDISE,AMMUNITION,CCI/SPEER,4,0,0,239.99,199.8,799.2,0,,,,,,Desc 1,Desc 2,Desc 3,,
8605003812173,8605003812173,PPU MATCH LINE 7.62X54R FMJ BT,MERCHANDISE,AMMUNITION,PPU,5,0,0,25.99,15.31,76.55,0,,,,,,Desc 1,Desc 2,Desc 3,,
810036150262,810036150262, NEW REBUBLIC 357MAG 158GR FMJ-FP 50RD,MERCHANDISE,AMMUNITION,NEW REPUBLIC,5,0,0,27.99,16.65,83.25,0,,,,,,Desc 1,Desc 2,Desc 3,,
029465063399,P243TC1,FDR CART 243 85GR COPPER VSHK,MERCHANDISE,AMMUNITION,FEDERAL,8,0,0,39.99,24.29,194.32,0,,243,Shotgun,,,Desc 1,Desc 2,Desc 3,,
029465097936,F3030FS2,FDR FUSION 30-30 170GR,MERCHANDISE,AMMUNITION,FEDERAL,5,0,0,32.99,19.43,97.15,0,,30-30,N/A,,,Desc 1,Desc 2,Desc 3,,
029465525927,TG121 8,FEDERAL TOP GUN 12 GA 2-3/4 1OZ 8 SHOT 250RD CASE,MERCHANDISE,AMMUNITION,FEDERAL,1,0,0,111.99,89.1,89.1,0,,,,,,Desc 1,Desc 2,Desc 3,,
,GC1218-250,REMINGTON GUN CLUB TARGET 12GA 2 3/4 1OZ 8 SHOT 250RD CASE,MERCHANDISE,AMMUNITION,REMINGTON,3,0,0,111.99,89.99,269.97,0,,,,,,Desc 1,Desc 2,Desc 3,,
604544653304,113663,SPEER GOLD DOT G2 40,MERCHANDISE,AMMUNITION,SPEER,2,0,0,44.99,26.42,52.84,0,,,,,,Desc 1,Desc 2,Desc 3,,
604544658163,121143,FED P10SHC 10MM 200,MERCHANDISE,AMMUNITION,FEDERAL,1,0,0,42.99,25.68,25.68,0,,,,,,Desc 1,Desc 2,Desc 3,,
604544646702,110418,FED 10MM HST JHP,MERCHANDISE,AMMUNITION,FEDERAL,2,0,0,48.99,29.07,58.14,0,,,,,,Desc 1,Desc 2,Desc 3,,
604544658149,121141,FED SYN 40 S&W AMMO,MERCHANDISE,AMMUNITION,FEDERAL,2,0,0,39.99,23.2,46.4,0,,,,,,Desc 1,Desc 2,Desc 3,,
3877002037177,3877002037177,IGMAN  147 GR .308 WIN 20RD,MERCHANDISE,AMMUNITION,IGMAN,17,0,1,25.99,15.3,260.1,0,,,,,,Desc 1,Desc 2,Desc 3,,
029465001438,H126-7.5,FDR GAME HB 12G 2.75-1.25-7.5,MERCHANDISE,AMMUNITION,FEDERAL,9,0,0,16.99,10.09,90.81,0,,12 Gauge,Shotgun,,,Desc 1,Desc 2,Desc 3,,
604544658132,P9SHC1,FEDERAL PREMIUM 9MM 147GR SOILD CORE +P ANIMAL DEFENSE,MERCHANDISE,AMMUNITION,FEDERAL,4,0,0,42.99,26.09,104.36,0,,,,,,Desc 1,Desc 2,Desc 3,,
047700496207,108472,REM HTP 357 158GR,MERCHANDISE,AMMUNITION,REMINGTON,2,0,0,39.99,23.9,47.8,0,,,,,,Desc 1,Desc 2,Desc 3,,
754908367115,22032-08,CBC 556 50 ROUNDS,MERCHANDISE,AMMUNITION,MAG TACTICAL SYSTEM,10,0,0,32.99,19.35,193.5,0,,,,,,Desc 1,Desc 2,Desc 3,,
640420003146,AGA1E382521,AGUILA 38SPL 130GR FMJ 50/1000,MERCHANDISE,AMMUNITION,AGUILA AMMUNITION,16,0,0,32.99,19.65,314.4,0,,,,,,Desc 1,Desc 2,Desc 3,,
029465094485,P45HST1,FEDERAL HST 45 AUTO 230 GRAIN +P,MERCHANDISE,AMMUNITION,FEDERAL,5,0,0,55.99,33.75,168.75,0,,,,,,Desc 1,Desc 2,Desc 3,,
020892230750,RED65140,WINCHESTER USA READY 6.5 CREEDMOOR 140 GR,MERCHANDISE,AMMUNITION,WINCHESTER,5,0,0,31.99,19.35,96.75,0,,,,,,Desc 1,Desc 2,Desc 3,,
029465093099,C45LCA,FDR CART 45C 225GR WAD HP CHMP,MERCHANDISE,AMMUNITION,FEDERAL,3,0,0,25.99,15.55,46.65,0,,45LC,Shotgun,,,Desc 1,Desc 2,Desc 3,,
029465023867,TG147-7,FDR TG STEEL 12G 2.75-1.125-7,MERCHANDISE,AMMUNITION,FEDERAL,10,0,0,19.99,12.19,121.9,0,,12 Gauge,Shotgun,,,Desc 1,Desc 2,Desc 3,,
029465026431,TG251-7,FDR TG STEEL 20G 2.75-.875-7,MERCHANDISE,AMMUNITION,FEDERAL,20,0,0,24.99,14.55,291,0,,20 Gauge,Shotgun,,,Desc 1,Desc 2,Desc 3,,
612789318865,TS-P320SCL-BLACK,TYRANT CNC P320 SLIDE CATCH LEVER,MERCHANDISE,AMMUNITION,TYRANT CNC,1,0,0,39.99,26.61,26.61,0,,,,,,Desc 1,Desc 2,Desc 3,,
651815019239,BBAC-19C/20,BUFFALO BORE 357 158GR HP 1475FPS 763FT LBS,MERCHANDISE,AMMUNITION,BUFFALO BORE,3,0,0,47.99,29.07,87.21,0,,,,,,Desc 1,Desc 2,Desc 3,,
816874020446,124-UA,UNDERWOOD 357 158GR XTP JHP 1500FPS,MERCHANDISE,AMMUNITION,UNDERWOOD,1,0,0,39.99,18.51,18.51,0,,,,,,Desc 1,Desc 2,Desc 3,,
,GC357M9-200,GRIZZLEY 357 200RDS,MERCHANDISE,AMMUNITION,GRIZZLY,1,0,0,295.99,238.9,238.9,0,,,,,,Desc 1,Desc 2,Desc 3,,
000000095006,9500,HSL 9MM 115GR 500RDS,MERCHANDISE,AMMUNITION,HSL AMMUNITION,1,0,1,111.99,93,93,0,,,,,,Desc 1,Desc 2,Desc 3,,
000002232508,HSL223250RD,HSL 223 250RD 55GR FMJ,MERCHANDISE,AMMUNITION,HSL AMMUNITION,11,0,1,109.99,90.75,998.25,0,,,,,,Desc 1,Desc 2,Desc 3,,
816874027643,M2205-020,UNDERWOOD 9MM EXTREME DEFENDER PLATINUM 90GR 1400FPS,MERCHANDISE,AMMUNITION,UNDERWOOD,5,0,0,37.99,22.99,114.95,0,,,,,,Desc 1,Desc 2,Desc 3,,
